question,context,response
"How do I create a list in Python?",,"You can create a list in Python by placing comma-separated values between square brackets, like this: my_list = [1, 2, 3, 4]"
"What is a function in JavaScript?",,"A function in JavaScript is a block of code designed to perform a particular task. You define it using the `function` keyword, followed by a name."
"How do I install numpy in Python?",,"You can install numpy using pip. Just run `pip install numpy` in your command line or terminal."
"How do I reverse a string in Python?",,"You can reverse a string in Python using slicing: `reversed_string = my_string[::-1]`"
"Explain the difference between GET and POST.","When working with HTTP requests.","GET requests data from a specified resource, while POST submits data to be processed to a specified resource."
"Write a Python function to check if a number is prime.",,"def is_prime(n):\n    if n <= 1:\n        return False\n    for i in range(2, int(n**0.5) + 1):\n        if n % i == 0:\n            return False\n    return True"
"How do you declare a variable in Java?",,"In Java, you declare a variable by specifying the data type followed by the variable name, like this: int myNumber = 10;"
"How do I create a dictionary in Python?",,"You can create a dictionary in Python by placing key-value pairs between curly braces, like this: my_dict = {'key1': 'value1', 'key2': 'value2'}"
"How do I comment multiple lines in Python?",,"To comment multiple lines in Python, you can use triple quotes at the beginning and end of the block, like this: '''This is a multi-line comment'''"
"What is a class in Python?",,"A class in Python is a blueprint for creating objects. It defines a set of attributes and methods that the created objects will have."
"How do I handle exceptions in Java?",,"In Java, you handle exceptions using try-catch blocks. Code that might throw an exception is placed in the try block, and the catch block contains code that handles the exception."
"How do I concatenate strings in Python?",,"You can concatenate strings in Python using the + operator, like this: concatenated_string = 'Hello' + ' ' + 'World'"
"How do I create an array in JavaScript?",,"You can create an array in JavaScript by placing comma-separated values between square brackets, like this: let myArray = [1, 2, 3, 4];"
"How do I read a file in Python?",,"You can read a file in Python using the open() function and read() method, like this: with open('file.txt', 'r') as file: content = file.read()"
"How do I convert a string to an integer in Python?",,"You can convert a string to an integer in Python using the int() function, like this: number = int('123')"
"What is inheritance in Python?",,"Inheritance in Python allows a class to inherit attributes and methods from another class, promoting code reuse. You define it by passing the parent class as a parameter in the child class definition."
"How do I install a package in JavaScript using npm?",,"You can install a package in JavaScript using npm by running npm install package-name in your command line or terminal."
"What is a module in Python?",,"A module in Python is a file containing Python code, including functions and classes, which can be imported and used in other Python scripts."
"How do I create a lambda function in Python?",,"You can create a lambda function in Python using the lambda keyword, followed by arguments and the expression, like this: add = lambda x, y: x + y"
"How do I make an HTTP request in JavaScript?",,"You can make an HTTP request in JavaScript using the fetch API, like this: fetch('https://api.example.com/data').then(response => response.json()).then(data => console.log(data));"
"How do I sort a list in Python?",,"You can sort a list in Python using the sort() method, like this: my_list.sort()"
"What is a promise in JavaScript?",,"A promise in JavaScript represents the eventual completion (or failure) of an asynchronous operation and its resulting value. It is used for handling asynchronous operations."
"How do I create a class in Java?",,"You can create a class in Java by using the class keyword followed by the class name, like this: public class MyClass { }"
"How do I check the length of a list in Python?",,"You can check the length of a list in Python using the len() function, like this: length = len(my_list)"
"How do I remove an element from a list in Python?",,"You can remove an element from a list in Python using the remove() method, like this: my_list.remove(element)"
"How do I write to a file in Python?",,"You can write to a file in Python using the open() function with the 'w' mode and the write() method, like this: with open('file.txt', 'w') as file: file.write('Hello, World!')"
"How do I create an object in JavaScript?",,"You can create an object in JavaScript using object literal notation, like this: let myObject = { key1: 'value1', key2: 'value2' };"
"How do I iterate over a list in Python?",,"You can iterate over a list in Python using a for loop, like this: for item in my_list: print(item)"
"How do I create a new branch in Git?",,"You can create a new branch in Git using the git branch command followed by the branch name, like this: git branch new-branch"
"How do I merge branches in Git?",,"You can merge branches in Git using the git merge command followed by the branch name, like this: git merge branch-name"
"What is a constructor in Java?",,"A constructor in Java is a block of code used to initialize an object. It has the same name as the class and does not have a return type."
"How do I convert a list to a string in Python?",,"You can convert a list to a string in Python using the join() method, like this: string = ' '.join(my_list)"
"How do I handle exceptions in Python?",,"You handle exceptions in Python using try-except blocks. Code that might throw an exception is placed in the try block, and the except block contains code that handles the exception."
"How do I check if a key exists in a dictionary in Python?",,"You can check if a key exists in a dictionary in Python using the in keyword, like this: if key in my_dict:"
"How do I create a tuple in Python?",,"You can create a tuple in Python by placing comma-separated values between parentheses, like this: my_tuple = (1, 2, 3)"
"How do I create a set in Python?",,"You can create a set in Python by placing comma-separated values between curly braces, like this: my_set = {1, 2, 3}"
"How do I iterate over a dictionary in Python?",,"You can iterate over a dictionary in Python using a for loop, like this: for key, value in my_dict.items():"
"How do I create a new file in Python?",,"You can create a new file in Python using the open() function with the 'w' mode, like this: with open('new_file.txt', 'w') as file:"
"How do I import a module in Python?",,"You can import a module in Python using the import statement, like this: import module_name"
"How do I handle asynchronous code in JavaScript?",,"You can handle asynchronous code in JavaScript using async/await syntax or Promises. Example with async/await: async function fetchData() { let response = await fetch(url); let data = await response.json(); }"
"What is a decorator in Python?",,"A decorator in Python is a function that modifies the behavior of another function. It is used with the @decorator_name syntax above the target function."
"How do I install pip in Python?",,"Pip is usually installed with Python. If not, you can install it using the following command: python -m ensurepip --upgrade"
question,context,response
"How do I create a variable in JavaScript?",,"You can create a variable in JavaScript using the var, let, or const keywords, like this: let myVariable = 10;"
"How do I append an element to a list in Python?",,"You can append an element to a list in Python using the append() method, like this: my_list.append(element)"
"What is a loop in Python?",,"A loop in Python allows you to execute a block of code multiple times. Common loops in Python are for loops and while loops."
"How do I create a function in Python?",,"You can create a function in Python using the def keyword, like this: def my_function():"
"How do I push changes to a remote repository in Git?",,"You can push changes to a remote repository in Git using the git push command, like this: git push origin branch-name"
"How do I clone a repository in Git?",,"You can clone a repository in Git using the git clone command followed by the repository URL, like this: git clone https://github.com/user/repo.git"
"How do I write a comment in JavaScript?",,"You can write a single-line comment in JavaScript using // and a multi-line comment using /* */"
"How do I convert a string to a float in Python?",,"You can convert a string to a float in Python using the float() function, like this: number = float('123.45')"
"What is polymorphism in Python?",,"Polymorphism in Python refers to the ability to define methods in a child class with the same name as those in the parent class, allowing for different implementations."
"How do I create a for loop in JavaScript?",,"You can create a for loop in JavaScript using the for keyword, like this: for (let i = 0; i < 10; i++) { console.log(i); }"
"How do I create an empty dictionary in Python?",,"You can create an empty dictionary in Python by using curly braces with nothing inside, like this: my_dict = {}"
"What is an interface in Java?",,"An interface in Java is an abstract type that is used to specify a set of methods that a class must implement. It is declared using the interface keyword."
"How do I check if an element exists in a list in Python?",,"You can check if an element exists in a list in Python using the in keyword, like this: if element in my_list:"
"How do I concatenate arrays in JavaScript?",,"You can concatenate arrays in JavaScript using the concat() method, like this: let newArray = array1.concat(array2);"
"How do I create a dictionary with default values in Python?",,"You can create a dictionary with default values in Python using the defaultdict from the collections module, like this: from collections import defaultdict; my_dict = defaultdict(lambda: 'default_value')"
"How do I check the type of a variable in Python?",,"You can check the type of a variable in Python using the type() function, like this: type(variable)"
"How do I remove a key from a dictionary in Python?",,"You can remove a key from a dictionary in Python using the pop() method, like this: my_dict.pop(key)"
"How do I define a method in a Python class?",,"You define a method in a Python class using the def keyword inside the class definition, like this: class MyClass: def my_method(self):"
"How do I create a constructor in Python?",,"You create a constructor in Python using the __init__ method inside a class, like this: class MyClass: def __init__(self, param):"
"How do I handle asynchronous operations in Python?",,"You can handle asynchronous operations in Python using the asyncio module and the async/await syntax, like this: async def my_function(): await another_function()"
"What is a tuple in Python?",,"A tuple in Python is an immutable sequence of elements, which means it cannot be changed after it is created. It is defined using parentheses."
"How do I find the maximum value in a list in Python?",,"You can find the maximum value in a list in Python using the max() function, like this: max_value = max(my_list)"
"How do I create a class in Python?",,"You can create a class in Python using the class keyword, like this: class MyClass:"
"How do I use the map function in Python?",,"You can use the map function in Python to apply a function to all items in an iterable, like this: result = map(function, iterable)"
"How do I create a list comprehension in Python?",,"You can create a list comprehension in Python using a compact syntax, like this: my_list = [expression for item in iterable]"
"What is encapsulation in Python?",,"Encapsulation in Python is a principle of object-oriented programming that restricts access to certain components, making the code more modular and protecting the integrity of the data."
"How do I get the current date and time in Python?",,"You can get the current date and time in Python using the datetime module, like this: from datetime import datetime; now = datetime.now()"
"How do I create a set in JavaScript?",,"You can create a set in JavaScript using the Set object, like this: let mySet = new Set([1, 2, 3]);"
"What is a generator in Python?",,"A generator in Python is a function that returns an iterator which yields values one at a time using the yield keyword, allowing iteration over large datasets efficiently."
"How do I create a package in Python?",,"You create a package in Python by organizing modules into directories and adding an __init__.py file to each directory. The __init__.py file can be empty or contain initialization code."
"How do I check if a file exists in Python?",,"You can check if a file exists in Python using the os.path.exists() function from the os module, like this: import os; exists = os.path.exists('file.txt')"
"What is a lambda function in JavaScript?",,"A lambda function in JavaScript, also known as an arrow function, is a concise way to write functions using the => syntax, like this: const add = (a, b) => a + b;"
"How do I create an immutable list in Python?",,"You can create an immutable list in Python using a tuple, like this: my_tuple = (1, 2, 3)"
"How do I create a virtual environment in Python?",,"You can create a virtual environment in Python using the venv module, like this: python -m venv myenv"
"How do I create an HTTP server in Python?",,"You can create an HTTP server in Python using the http.server module, like this: from http.server import SimpleHTTPRequestHandler, HTTPServer; server = HTTPServer(('localhost', 8000), SimpleHTTPRequestHandler); server.serve_forever()"
"How do I use template literals in JavaScript?",,"You can use template literals in JavaScript to embed expressions in strings using backticks and ${}, like this: let greeting = `Hello, ${name}`;"
"How do I sort a dictionary by values in Python?",,"You can sort a dictionary by values in Python using the sorted() function with a lambda function, like this: sorted_dict = dict(sorted(my_dict.items(), key=lambda item: item[1]))"
"How do I install multiple packages using pip?",,"You can install multiple packages using pip by listing them with spaces in between, like this: pip install package1 package2 package3"
"How do I create an abstract class in Python?",,"You create an abstract class in Python using the abc module, like this: from abc import ABC, abstractmethod; class MyAbstractClass(ABC): @abstractmethod def my_method(self):"
"What is method overloading in Python?",,"Python does not support method overloading in the traditional sense. However, you can achieve similar behavior by using default arguments or *args and **kwargs."
"How do I create a singleton class in Python?",,"You can create a singleton class in Python by overriding the __new__ method to ensure only one instance is created, like this: class Singleton: _instance = None; def __new__(cls): if cls._instance is None: cls._instance = super().__new__(cls); return cls._instance"
"How do I create a custom exception in Python?",,"You can create a custom exception in Python by defining a new class that inherits from the Exception class, like this: class MyCustomException(Exception): pass"
"How do I read a CSV file in Python?",,"You can read a CSV file in Python using the csv module, like this: import csv; with open('file.csv', newline='') as csvfile: reader = csv.reader(csvfile); for row in reader: print(row)"
"How do I create a dictionary comprehension in Python?",,"You can create a dictionary comprehension in Python using a compact syntax, like this: my_dict = {key: value for key, value in iterable}"
